CREATE DATABASE  IF NOT EXISTS `chat` /*!40100 DEFAULT CHARACTER SET utf8mb4 COLLATE utf8mb4_unicode_ci */;
USE `chat`;
-- MySQL dump 10.13  Distrib 8.0.45, for Win64 (x86_64)
--
-- Host: 127.0.0.1    Database: chat
-- ------------------------------------------------------
-- Server version	5.5.5-10.4.32-MariaDB

/*!40101 SET @OLD_CHARACTER_SET_CLIENT=@@CHARACTER_SET_CLIENT */;
/*!40101 SET @OLD_CHARACTER_SET_RESULTS=@@CHARACTER_SET_RESULTS */;
/*!40101 SET @OLD_COLLATION_CONNECTION=@@COLLATION_CONNECTION */;
/*!50503 SET NAMES utf8 */;
/*!40103 SET @OLD_TIME_ZONE=@@TIME_ZONE */;
/*!40103 SET TIME_ZONE='+00:00' */;
/*!40014 SET @OLD_UNIQUE_CHECKS=@@UNIQUE_CHECKS, UNIQUE_CHECKS=0 */;
/*!40014 SET @OLD_FOREIGN_KEY_CHECKS=@@FOREIGN_KEY_CHECKS, FOREIGN_KEY_CHECKS=0 */;
/*!40101 SET @OLD_SQL_MODE=@@SQL_MODE, SQL_MODE='NO_AUTO_VALUE_ON_ZERO' */;
/*!40111 SET @OLD_SQL_NOTES=@@SQL_NOTES, SQL_NOTES=0 */;

--
-- Table structure for table `archivo`
--

DROP TABLE IF EXISTS `archivo`;
/*!40101 SET @saved_cs_client     = @@character_set_client */;
/*!50503 SET character_set_client = utf8mb4 */;
CREATE TABLE `archivo` (
  `archivoId` int(11) NOT NULL AUTO_INCREMENT,
  `nombre_original` varchar(255) DEFAULT NULL,
  `nombre_cifrado` varchar(255) DEFAULT NULL,
  `ruta_archivo` varchar(255) DEFAULT NULL,
  `fecha_subida` timestamp NOT NULL DEFAULT current_timestamp(),
  `mime_type` varchar(100) DEFAULT NULL,
  `tamaño_bytes` int(11) DEFAULT NULL,
  PRIMARY KEY (`archivoId`)
) ENGINE=InnoDB AUTO_INCREMENT=3 DEFAULT CHARSET=utf8mb4 COLLATE=utf8mb4_unicode_ci;
/*!40101 SET character_set_client = @saved_cs_client */;

--
-- Dumping data for table `archivo`
--

LOCK TABLES `archivo` WRITE;
/*!40000 ALTER TABLE `archivo` DISABLE KEYS */;
INSERT INTO `archivo` VALUES (1,'1.jpeg','31411dfb188e2f952edaaf8444ceb4fc.jpeg','uploads/chat/31411dfb188e2f952edaaf8444ceb4fc.jpeg','2026-03-13 01:26:46','image/jpeg',99028),(2,'1.jpeg','d2b58c8c90d0a846458495629a744a1a.jpeg','uploads/chat/d2b58c8c90d0a846458495629a744a1a.jpeg','2026-03-13 01:59:55','image/jpeg',99028);
/*!40000 ALTER TABLE `archivo` ENABLE KEYS */;
UNLOCK TABLES;

--
-- Table structure for table `conversacion`
--

DROP TABLE IF EXISTS `conversacion`;
/*!40101 SET @saved_cs_client     = @@character_set_client */;
/*!50503 SET character_set_client = utf8mb4 */;
CREATE TABLE `conversacion` (
  `conversacionId` int(11) NOT NULL AUTO_INCREMENT,
  `usuario1_id` int(11) NOT NULL,
  `usuario2_id` int(11) NOT NULL,
  `creada_en` timestamp NOT NULL DEFAULT current_timestamp(),
  `ultimo_mensaje_id` int(11) DEFAULT NULL,
  `actualizado_en` timestamp NULL DEFAULT NULL,
  PRIMARY KEY (`conversacionId`),
  UNIQUE KEY `unique_conversacion` (`usuario1_id`,`usuario2_id`),
  KEY `fk_conv_user2` (`usuario2_id`),
  CONSTRAINT `fk_conv_user1` FOREIGN KEY (`usuario1_id`) REFERENCES `usuario` (`usuarioId`) ON DELETE CASCADE,
  CONSTRAINT `fk_conv_user2` FOREIGN KEY (`usuario2_id`) REFERENCES `usuario` (`usuarioId`) ON DELETE CASCADE
) ENGINE=InnoDB AUTO_INCREMENT=4 DEFAULT CHARSET=utf8mb4 COLLATE=utf8mb4_unicode_ci;
/*!40101 SET character_set_client = @saved_cs_client */;

--
-- Dumping data for table `conversacion`
--

LOCK TABLES `conversacion` WRITE;
/*!40000 ALTER TABLE `conversacion` DISABLE KEYS */;
INSERT INTO `conversacion` VALUES (1,1,2,'2026-03-04 01:09:12',40,'2026-03-13 07:59:55'),(2,3,5,'2026-03-08 20:11:56',28,'2026-03-09 02:21:50'),(3,1,3,'2026-03-08 20:16:04',38,'2026-03-11 06:40:12');
/*!40000 ALTER TABLE `conversacion` ENABLE KEYS */;
UNLOCK TABLES;

--
-- Table structure for table `mensaje`
--

DROP TABLE IF EXISTS `mensaje`;
/*!40101 SET @saved_cs_client     = @@character_set_client */;
/*!50503 SET character_set_client = utf8mb4 */;
CREATE TABLE `mensaje` (
  `mensajeId` int(11) NOT NULL AUTO_INCREMENT,
  `conversacionId` int(11) NOT NULL,
  `emisor_id` int(11) NOT NULL,
  `mensaje_contenido` longtext NOT NULL,
  `tipo` enum('texto','imagen') DEFAULT 'texto',
  `leido` tinyint(4) DEFAULT 0,
  `fecha_enviado` timestamp NOT NULL DEFAULT current_timestamp(),
  `archivoId` int(11) DEFAULT NULL,
  `leido_en` timestamp NULL DEFAULT NULL,
  PRIMARY KEY (`mensajeId`),
  KEY `fk_msg_emisor` (`emisor_id`),
  KEY `fk_msg_archivo` (`archivoId`),
  KEY `idx_conv` (`conversacionId`),
  KEY `idx_fecha` (`fecha_enviado`),
  KEY `idx_leido` (`leido`),
  KEY `idx_conv_fecha` (`conversacionId`,`fecha_enviado`),
  CONSTRAINT `fk_msg_archivo` FOREIGN KEY (`archivoId`) REFERENCES `archivo` (`archivoId`) ON DELETE SET NULL,
  CONSTRAINT `fk_msg_conv` FOREIGN KEY (`conversacionId`) REFERENCES `conversacion` (`conversacionId`) ON DELETE CASCADE,
  CONSTRAINT `fk_msg_emisor` FOREIGN KEY (`emisor_id`) REFERENCES `usuario` (`usuarioId`) ON DELETE CASCADE
) ENGINE=InnoDB AUTO_INCREMENT=41 DEFAULT CHARSET=utf8mb4 COLLATE=utf8mb4_unicode_ci;
/*!40101 SET character_set_client = @saved_cs_client */;

--
-- Dumping data for table `mensaje`
--

LOCK TABLES `mensaje` WRITE;
/*!40000 ALTER TABLE `mensaje` DISABLE KEYS */;
INSERT INTO `mensaje` VALUES (1,1,1,'bxwIEkkx9XyiUZIcmYrX1EVZeDBHd2RDdzdIaTJjK1QwUU0rVUE9PQ==','texto',0,'2026-03-04 01:09:12',NULL,NULL),(2,1,2,'n2Nml2JkmCMvne5We1TnokhEeWp6WUFnUVpEcnZQSVJHRmdWTVE9PQ==','texto',0,'2026-03-04 01:17:05',NULL,NULL),(3,1,1,'iCPWdhWm4L8q/wIshVr/q1NiY25OY2ZaMEhUZGtRQUFXaUd2UVE9PQ==','texto',0,'2026-03-04 01:17:16',NULL,NULL),(4,1,2,'m/OxYO8eh8xKogRFKWKqcWp5ZWl2cjB2TGdLNDJqQ1Z6LzQ4RHc9PQ==','texto',0,'2026-03-04 01:17:31',NULL,NULL),(5,2,5,'BgCnRle4vWFmTmPNRZm4h1hwMGphVk9BQ1FiL1k4aTB1ZGhlbUE9PQ==','texto',0,'2026-03-08 20:11:56',NULL,NULL),(6,2,3,'QTwBI182YGBQQmOHZdkn921MME4vVGRDcXQ2RENlMGF0TlF0YldINE5WSkZwQlRpbHRvaFEzTVdiOVNIbzFGNTBEOXJnY0tXdTJhNExhTnQ=','texto',0,'2026-03-08 20:11:57',NULL,NULL),(7,2,5,'3au2Iz4vbu3RpZyq/5lHtGtIQk9hMG8zeG5zR1ZPSVhucVVuMlE9PQ==','texto',0,'2026-03-08 20:11:58',NULL,NULL),(8,2,3,'j+VGO1ftWH9vMqBflWlHATdXV2tTa0FaN2ZtdzBoY0JCQXc4b0paaVBXbkQ3OUJOVkloc25DVmwwblRFZVJ2S25jaUI4Ync1blVMWEtPbUQ=','texto',0,'2026-03-08 20:11:59',NULL,NULL),(9,2,5,'GhkrpRgFkz7nvamPbuc0LkVDcDV6Mzhwa0x6TUM5OG9wbHpsdnc9PQ==','texto',0,'2026-03-08 20:12:07',NULL,NULL),(10,2,3,'DMlkXR1/JvXDA4XUHgH5qEpFZTE0eWM0bVJZaTNURG1aRUVDd3F1aWtNSjNQSG02eGJhK0tZUEVwQ09XRDNQZUFXblBWZDRlZDBTN1FMTFYyZm5ua2pZczlLNHdhSko0WFNHL1hLbEdqTEJ6RFdFbTZtampTdmQ2OE1vPQ==','texto',0,'2026-03-08 20:12:09',NULL,NULL),(11,2,5,'c+1IzSG5VCZKE2DJ2KlE0W9mZlZobDIvL0VrOU5sVUhxU3hTT3c9PQ==','texto',0,'2026-03-08 20:12:09',NULL,NULL),(12,2,3,'PvBVyMNJ+14jv9hXj4YH1XdhQ0lXMlkrZDI0VlZFZjlBNnNjY3QzU1czM3RMOFdwY2o4S2hvTTZFTUcwNEcrKzlYR01SYzJ6dEhiZ3VyZkpTQVM5SDRlRCs5QlBXaVcwNEZKOHBpNVgvZkllb1dSUVRZaisvazkzNTJrPQ==','texto',0,'2026-03-08 20:12:10',NULL,NULL),(13,3,1,'2XZvW9VN9mEk8orK/8CYrTJWZDhVTGlWaTJMUXhseDg4Y3U4UEE9PQ==','texto',0,'2026-03-08 20:16:04',NULL,NULL),(14,3,3,'FFdC+3nTyOTVmapj8ldmVm9pN1plZCs5ZGNhdE5CVEtRVGFSd2J4QXByK2FIQ3dlaiszTDlnQWtWTE9VSnhHUU1JWk85S2h4cUxyMlBycEQ=','texto',0,'2026-03-08 20:16:05',NULL,NULL),(15,3,1,'LaYkPv7qjXKKBwFBhKEXrTcrZmFpeExFaEZhcmtuQms5Q0RNcEhUT2V3Wk9VWm85SktUWGN2UjdJQThUM2dVUWUxQnRMam5ieTZ0YVM3WVg=','texto',0,'2026-03-08 20:16:22',NULL,NULL),(16,3,3,'oE2dLJLEM5qT5yyHDJpnf1ppeHNLTDJCL3ZQQWtlMzJkNE5WVnVycms5bkNCR2p5eCtCTTJzY2k4S2tod0h2QWxaZldvZDVUUStCa1BMUCttUUU0Qm4rTEh3TFpRTGY0SmRiRmx6cVBRcVpTSHVCaE42OTE1V2RPQ2pna0wxbGJVb3B4RWNPdi94cHBVUGpnZk45WERKNWlFSCt5V1YrOWphVG0rQT09','texto',0,'2026-03-08 20:16:24',NULL,NULL),(17,3,1,'z/2Vfa3JbjPA5YBiu725GkREU1lveG5qak40Z3N5RFJYZGZSMnl2SzBleVdtTDBKRzRIa0NtNnZ5K1U9','texto',0,'2026-03-08 20:16:39',NULL,NULL),(18,3,3,'Ej0JcB0E8xSGevpba3cecDJiWDdjUnFFM2NreUJDWmh0VHpxM0E4Mnc4Tk1UT0lud0tTRjJpQjNBUE9qOXp3QkNiNGRQRFBVaEhpZ2hleTloVjdVeHk3b0V5eHN2Zi9yTlYwb2hsMk1ZTkh4YS9jWWZ5OG9sZUlxRFdoZHZ5NWJrb3o1RTFLWjlBVElwa1krbGpoZFA1ZStwY0dMSCsxY1ljdzE1S3RLdExQaVJDZlpUZkF4QjJ3UnUyM25zLzJ5RnVmTThQYWF6UmtVWnNoY2p0ZTVZUkc5a04yWVdOMGsvZEU3VFY0VUlqZlh2T3VVZFVrcDkwVUdKRmt1cG5NOUxTSnU2MVJzb2l2WUhsbnUxVWpsVFZoTGUwL3NMWEFjRE1SenUvN1lsd3g2QmdSY2xoRHMvOFZGSDR4M243M1c5N25PTDc2cEtManZIblhQdW1VVFNHMTRiN0FTbFpydUpFUnZld3lEMkg3V1VGQ3BpZGx6YnpaeEpjTVBFLzNiWDFobzVEMkExdHNoZXNKeHNwdjYwTFpGYU11ckxTaDQzSVRjK0FFYnJvRktETjIxcFhrMWprUi9CSml1MDZFbmp1QVpTdFgwUGZDb1ptbFFZWVk2RFJuTDkxMENyT1JuM1N5eDNjOGlWdjFqYlF0VXAwc24zOWF1SlgwaWpLcm1ydmRuNzJncElzR3VNa013TFJ2d1JwWFRHV0owSEk5cW16VWZuTCtuOUpyOStRay9weTl0eHp4MmhvQlcya1QzQWgxOEQ0YnptN25HYzc2TWQ3cVFDczA2VXJpVC9mYzVjUTNadjR6UEFjeERoZUtQa3pQTDZMRjd3bW1PYUNDTzlwTFJkUGF1R2ZORE9ocENaenJ1QWwxSncrT1g4b1RNS3FrQUJPZ2VJOHNyYVRzQ3VtK2hNZFFRRDJ0Vmp2bUdGYWNqMTFyVnlLV3MxTnE5ampISXlKY3V4SXptY25JSXd6ak1WQT09','texto',0,'2026-03-08 20:16:43',NULL,NULL),(19,3,1,'e1qWPtXWZbXB4Ij5Lksz4TRUUVlZMEkvdVNGRUJJbm5LQnF5R2pzYWxEMTJMc3BwYXFOdTgwamF0Y2JrT0pOMGVTMStXY0d5NlgvTFo3YzM4MXZrK0ltWEdHVHo3WTFTd1JZSEFnPT0=','texto',0,'2026-03-08 20:20:10',NULL,NULL),(20,3,3,'zQDu5PwdQGJ5fXyes8qUbW1oT2VubmUzdEt2YmNUYVo4UTBiT1pGdUhuNnVpNFZxZ09tWkcrNXhBUUttTFRzd2ltZTlHUXdaMzhjQ3AvVGhERXRZRHNVY2wraHdSbWdzS1l6UVlwMXRVSk9WNGh2WU9IREhqbEFXN3AyaERocVFTYVUvMEplK0JkeHcrZTg0aTNpVmRUZ0lyMC8wRWRvQXdIMUJiaFZKY09kYmllNXR3WklNNnFjc2xqOUp0TXBhMTdaNlVIa3lhcG91WGxUNW9UK29wdGNyamlFSHpHdWZkVTNJMGtXOXJlSE1VSG1jVUI1Q1dhck1ESDNKUTJzUFBjRUNoWEN4U2VEVndMNzk2Z1dXSzFad3Y5bDN2MDFyM1NjUXE4WncxU0xHTlk1Yy9nK3dyMitWZzkxMkU4bVg3Y1ROWmxvdFVGUU5UVlBjQXhtbkdRcHNCeThVMTVvUm8wMFlTeFVBUDd1SldyZlhyZjNvUnJVYlhMeHpncnU4WjRKUEo0SkJWOUUxc2tSby83V0FZd0NmajQraERMYXlWMjl6RmNLWnZGdGovTkVHMjZadDZhSmtaVXNJeENJLzV5cEtFc3J3cXJ4eHdrMEpJSFdjUzJzZ1lCTEpzTndSeVB6MEc4V20vWmZRSU1tSWdUbHRnNzREdW0vMVBXZ2h3ZG4vMzVjaGdmNWMxcDdzZUxrNWkvamQ3cjRwa1BsdmdIMVc2V21Ma0w0bldKdEswcXZSZGdGaHJGSmNTVTFIclpUdnRjNVBTTUxCRVRPckJubjBob2lSUUFTQmlJTnhaQ0t3YmVjeWNmMjdRQVRVUmV6dVhseHJ5OHJhL05IZkdPYmVmd055QWpRY0pPNDZaQlU4OExBcTM0STh2dG9vblFmcWlTZjlFeXRDa3o4Z1d4SDMvaFcvK1lIaHI1NmZjWXlBODBlNlBMcUpLODZwcEh6WStCa0FyL3ZDYU5sVjhnMDJ3cnp3TmZ0QisyMytwNkVZamdOZFd1OTVuMGV2NWthYkttdmVlZ0FEbUlCQUpGM0Q2YnFKWDBnek5wejh2Tyt3MGU0MjUxcnN5WUdKNmRISlZCN2p4NndvOW5tUGYyaFpTbzBTNVFTcWh4MVg1dlVRUXZqSlFDMkNsR01FZ01henVPV3F6VzBqTjJtcjRxd1lQQ1IyVEZMZjArbVJ2Vkdsc0Y0eHdkWXZna1J5eUdoMHFWaE4vUnFXcVNTZ2dVS2ZqNXorcGJPZHE3VGxPSUdpSnlMTDQxRS9hd0pUWi91dHFQU2Rwc2REMjFFZ3d0c2VzTDJPRzJ2d1NFTnpTYi9Mb0tMK21MOHk1Sis1Q1JnSENUSU1rQnVxUlIyc1VSb29EUHFPTm5zMHIxR2NQckRRRWRPTk9uRDRKd2RVSHBrTXVoWXlwNmhrQzJmRmJmVDJPMXdhcXhmZVRMKy8rVFhUSWNxSG5CNjg3R2FIdkwySWtKZjM4VXVHTVZWanRmT0pvUC9lSG5CbGxyNHdvdVFwU2RpT2llY3A1Ym0wa2srNmsxY1A2RTdQbnZDNE0rWnYxdktIdVZXS0prbXl2NFlmbGdTRW9nQjh2eXlIMFF1UC9YeGF3MXZEaExJd1dRMFFjRldkNC9iVFdMblk5cE5xZEJQRzRLUTZueTVmT3JLY3R4TG42di9Xam56OW41dUVHcWxkOG5PaUhpNTQ5RnFVUEdLK1liaXgwMjQwVzRZQ0ZCUlBMQUdZQ0lyQW9Ob0Z6OWlSK0tKWmorNVBoby9wWnphQjNLcnFnclhISk1SQkd3a25iNFkxTW1ra2I0bWdIS0ZzVER4NHJVMG9oRzdJaXhFSnBkYmJjV3JUNnJ3Z0dzd1pKNE15aExSOVg3aGZISHlVNm5OOC9QK3UvWVdFQ2g2ZE1ZU0VqRXZjbWwzaW1kREdoOG0vd2lvUXJIVUV3M21NV2pDSHhOYzR3a2Y0azhXc0diemJTTURTcmZxQjRwQ1VRZGYrQkJPQWlkdkJnc1hvSmRML0Voc1VoeklvNmRnR08zWXQwbFE1WFp1YUh6T2N1V1VsSi9TMlE3bTU3RDg0RUN0WURTNG9wM25hd3RaTFNPL3JHb2t3RHRYTU5zWlUrVmdkeWJVdUU4MUR1djJjbjliNi94UHhUOUV3ZCt2c1VRbXYwdjBHRGVlNytLT04rSHNWMHc2dE1GTXl6ck9xZTZEaTNnNVdOU2VIdWFtZGkxbWlPb3N5N0xFdWFVVndvT1QzL29ldi9LanphbU9YME43SDdnOTlqSWwzSGR5a3RTSWUxcWo4NTByN1V5RHAyQmtDY0pXZGFNZG1tNW45dUNDRmsyR0tMTi85c3VjbnE3WkdDbG9sVjd0U0lkRU8vQXNENk1vMU1tR3pnVkhXTjd0Y2ltOGh6bm5IKzBlUGp2RkxrMVViR0p1NWxCSDhYbkc2RElTazAvalRtM0s4dFo4OHYzcEZXV2xLVExyRmVrSmR3eWxRMEttUzlMNE56dHBPSExJd1ExN0N0dTk3MEtVU25wSitodTljNU5QdlVCM0FpSmZCSkZwNkJGRnc4K2h0eTdjTA==','texto',0,'2026-03-08 20:20:15',NULL,NULL),(21,2,5,'KXeFxA9uVZzuiXFmdEo/jXMyS0JYVHZGUkJiMjhuN0t3ZWYxSUE9PQ==','texto',0,'2026-03-08 20:21:25',NULL,NULL),(22,2,3,'jPkwL85otyFTqmJJKqq0E01rSnI0VzJ2ZmsyWlVsalVIZFR5SWNUQ0RTSWtqRENwakFFOHVlS2RtTmZza0tlVW54dUFPM2ZNR3JtOHVTMGE=','texto',0,'2026-03-08 20:21:27',NULL,NULL),(23,2,5,'4MXSyRCv97GkfbBTCaD/7lNDUzVXSU5LMHdJQ1lNbmYvQURXVnc9PQ==','texto',0,'2026-03-08 20:21:27',NULL,NULL),(24,2,3,'vx9poslHcDADXFLZe9/PXDNFTnpyME1VS2gyUTU3RFEzUHd1UmR0RDhkTmc5VlV3NjZwWEZQV2phbEE2OUNUbWFDMllmdVI5SkVidHA3alM=','texto',0,'2026-03-08 20:21:29',NULL,NULL),(25,2,5,'bC6SAE4iUzUNrY0eJSWdBG1FODI3dUtZTlhGQjc2NkJMY2d5STVsRzZHZ250cUIrMXhVUFpjNkxyYkk9','texto',0,'2026-03-08 20:21:40',NULL,NULL),(26,2,3,'m6obMdmX8NI+WJbG2odNhUhNUW1FNGFEZENQMnY3WEd6c3JmNlFRb1hWZW1iem9LZnU5T3NSbGRaNUZ1SmtVYVJBNkZnWkdJSURISlVjVUFzYzF4cjMrMFVyS3RyS2p4L2ZnRjNJZGpHd3MvV3I1NFZrZ3NLY20zRDdrTFpYZGJpMGg0cFlJdDl4VkhBcWNyUU5QVmROdVVQMVAzYU51QkV1b1ZoUmI3NkRvMTBORmNMQUI4aGJQVEhEZHdhdzFtWVRndEdxakxyc2ROQnVWNXlZSXhnSU4wVnRvWkdQT1Q4bFFLQlhUQWd4VXU5TGhwVGVXaDB3NlNFeWtpaVI4OSsrcUlYMWplRzVGTythOUJ4Y2lMU0F0QWhBQ29NNkpVVUs1RUpZR3JzaUQxNlFBNGc1eTVuSGRLc21SVmR3NTJ2WFdVaXFvSURHSXV0Mm9od0JDQ0ZvUXg4UVVzSTF2N1IwQ2tpcmN4ZmJRQjhyaEJ4ZGI2YUFlZVp3eWVLSlNkNnhFcy9pNG10QzdVaTNuYmJtUUNiSTdnTnRnZ3haTW1LL3hxNjF6TnFyTUlDRkdTazNKa1E4d1FzcytMZnQrNVQ5S0Y4R2ZWK3RKYkNBbkZIaEc1QVlFemFSQlI2Wm1XeS9RYTdCQlBiZ2ZFRHpxd0J0SkYwNU5ZVW5kYkIwNmtob0E5V3pJY2ZaMUVTVlNKZjU1aEllUVJOQ3Fwa1JEdnkyRS95RGNhWjhjclRqVFdqMFhhdjJCV2pjRGRVd1J2UTdqclB0MjB3RWdtbkNoY0NTc1RPNmlrTGREU216bnZEdGRkR2ZVYnVBdlVJZ1dUYlhIRjJ3dXRjUzRxQzNQRDhDZzUveEJDdk11ck1PMFAyaWpCZmUzYUtTVXlHTTBKZFJiQXVFQUp3NlFxeFlDNUNIcEtsVnlxVC8ydXUwV2hZZkVORDBiV1ZVU004NEswbm4vUUs1eDRlOGJWOGRmeCs4V0hISThHS2FDMzkrcjJOdEtRTzlWS0daeEFSYXFUbVNrWVMzTzQ2ZzdkTjd1ckZjSExrYVN2RWFVZEVEcEsyY3NuaEFQWHZWb0c1cVU4b3YvQU1zV2pUY21qZXlzZXdBc3dEZ3ZlZHg0U0d5b3VNeEp6NWFKby9QdDUvc1FkY3NVUExpSG01OWErdmp1V29lTDJ5bFNoOE9kZHRocVJXZGd3OHFHbFl2Nm13QkQ4eTdyMFBuTmRIaWZ3MHBjeGllOUIwWkZ5OENWSVV0aTVWcEcwb2lpNjBJMDY0UndOSGxZeGlBSjR0S0hBc25EaldYdUdNY0FJUmVTVEJtNUVOcDl4SGtNb0txSEZmQkNpZFlIZlV3UU0yQ240Wm5RdzF4VUhNS1owMnlydjkxVGNRdnErU3RreFozb0IvVkFEajlMMXFaTWdNays0SmxGTnFuVk1KeWNKc3hxMG43WWxYdS9rMEdMbGx6UUhPSW5VRWRKSlY4ZlNOckhsL3dBcWVOTGNaaDVGTXpzOVJFMzhnVEpiQlB2WlNhR25Pc09FWTIrUlpZUkZmbUs4U3dOaUhYMzIwOWYzSGJ1ejVyaGkycDRSbWs3eEp1cjY1a1BtRjNQamZoZitJRXZ1SVNaalZmY2h2Qy9sZk0zMHZmTWVic0ZpUGgwKzBsdkFsUlFVOFZSalEzN1RIT2syMUVvRHR1K1VySEkzRjFERjNVQm1YTTU2YkZ2N3RTM3l3RGJ0S2xFdXNSamtYamhxOUFIMDlTeUtPQ2o0VklKM1o5K1drOTFRK1BVVVQ3Q25Vd0tTVDBKYS9ZNUtuc0RBS2o5L2JVZTFtSGNTRFZxcjRoMGx3c2E1bFprSVMvamlyTlZFZ0orVzdPZWFHdSs0ZEg1aFN6VW1CYmJkaDUzSERpcWpZdkVwR285K2ZaYWJqSTV2WjdZa01FT1AwdVpubW5pVVdNbENwN0Y4dWM4eEk4K2l3Zys2cTQ2MFVxZERKR0NlZkZ4aFVNWFdPM2VCNHlzNk9QcUR2T1pmR0YyMk00dUwwTm82VEdUOG9VRmFkMDdkTng2N01HZzN5NklVZWY0MGJlbnUrQTFZeWg5bkw0UkMzbFFHdmoxaGxwdjgzNjY4UTJvNm5DeG1TMWFWaXU1R1NsNGx4Z0pIdER5SXZielIxQmtEUzErYjRnOW0xUzdWWXNCdFh3MHI5QXRlN3lhYmc1T01OKzNpMVc3UE5HTFdOSk9SdXZ6N3JOVEVZMWIrNXJISG9wVTZoV0FIMFN3QzUyUVFlSlllS002d1ByNmhJUVZGSHF6UlJKVHBOUXVINUhiVStIMUViVEJNRE9xV1pMbHJsUjQrQkwyY0Q2WldBVTFpVTBpUWtvSkF1UGFpdWVXVEdzWkNROHp0cEkyMlFMQVJJTjN2SUxzY0ZoQitFUms5UmVFZE5VU205S1FCbU14cnVEb0d2elRHM3E4a01oOC9xZGZYK2JOYXFvOTdzbDdPY0NUS2M0ZXRHeTZFWDdKellXSGdlTzZUQmJZbUtNRjdTUlhUcVBQQmZ5cnRSNHVtcHJrVklHWGpFSHZYOURUSTcxend5WmlSN2lLSA==','texto',0,'2026-03-08 20:21:45',NULL,NULL),(27,2,5,'QkEljJ9HHC3wDS0CWlHmH2x4Um82Zi9GMkwwejdRWGhyVkRkQ3dCSFBudmd3NldzaklrMDAwZU0yTG89','texto',0,'2026-03-08 20:21:45',NULL,NULL),(28,2,3,'Yo8rSQ+4hOqB/wldmIJCHVVHa0MvckdnRTI2NnB4NFg4WDJ5SDZCM2U1bk5weG5ub0c0d0dTWFlDVGp1bTlIZ1VBYUhScGJ4K2dLbzhHS2VOV3o5QjRhbnNSMWZIdXRPSXZpa2RDcitITytXMFZjUHpCWHI1Tngwamo5aTM0cm9TQm83WWhzeTROa2gwL252T3VxbGJLcDk3YU5Wakt3ZG0wZUh3VnlCcWgvSjEvRENKZFpFdHpScysxRWYrS3JCVzNUbjM1RUVwblBpcWxXeUtITzZOTnVsU2l3K0c4bkdTWDJIQlNEbDNXb1NNa2R6b3BjT0FlMmtvMGl5OWZEWk0vYXdFOTFFdVlFd2QyYmpHcmgvdlY4RWVNYUVOdjhCWU5rQnJtY1dCMjR1bVVlUFhDdW0wYUpGN0pNUGU5UXorZ2RPT0Vpb1NxaVpzWHpMMUdsdFBqalhlTjRBQWg5czFFa2JBMmVVVk1tUlU3TlJUNnY5Y1djeXNiaWZoUHN5dStzNnRaUktoTW1xbzI3SzVpQWxsMkdoRFdYTnkxYzUrN09sbHRLbXkxMVhSdGNLRE83WktONVF2dkRUZ2tCdmZac2hrSDlpN2lBTmg2Vy82QllkVXphSFlXaE13cEc4MGUxdU5yeVJBaEhSbklHVllzS0ZMWDkyMW1Uc09QclNCeEF3SGlpSWlDVjI4YjVnNGQ5TG9lRDRRWVJYNENzQmYwaHltOWZKVER2M1JSTzJnZTNrbHAwTjFWL2daeUh0b1hqeE9XWmZrYzBrd3V5emg4emJabDRMR3pvYUkrODhTdm4xS1U2U2xVNGFRWTVndjhEUkx2VktkMWJKZThxMXUrTUN6dElUUyt4VDFnTHQrangyOWJxWC9kekNsdVY2czRNK3p5M0JJdzBkUzZCTzEwdDRUZ09vV3pGWWR4cllXV3cxZHliREdoWHMvM3BMbi9nRmUwVXYydXlwVS9FYTJLQVpqR1FLZXoxbVVjbUdlWXFtbFFiZm4rN2N2N1h1YjJ6a0tjanRuMGxtelNob0VJSnJidmxMcTBGRThEMTJpc3VPTTJZSWc1bnpjd0Y0eDdPZ3BSbC82U3VmZmlwOUJ4cHNrNEU1K3JYeWt4UWw4YTNRRFlaUUg2WEt1Q2Q3ZHJYMjBmdlZZc0dMZVI2ZFV1cnVHSGxaSER6TjY1TmV0Zi9jMVFYRnNGZ3pOYTNBcmNVV2dSd1V6NmxPSTgzSktjL1BmWU5zMnpWbkthYTFUQjNQalVMcVlqUEFkbDhEclErdFQybGxpdk5yOHFXRnFMaWtYaGFSK0xDVXR2NmpDdFpHSzlpMzQ1Rjl3dkRpeHBVc0x4Y2lMOG8rVUhBZmhJRGZhNm1pSlhBcFRIOXdGcmFIMHNoTUVmcTVLUEFvVUhlZERvaTBITUFmaHMwMndaUUNuSTVud1BwZTBHMmYvYlRBdjNGZVVjVHo1L084eGIvRXN4TVA3bHllRE5obkNkS3dkMWNWRFliWGI2ZGJtS1E4RU10U1czN2g0dzhKV012VmJqV2lvQ1p5a25kM1dYVE4vSnZRd3RsS2k1L3J1K2hpZnU5dXFzbVlIbW42YTFIOHZDckFhbmQ2OThKOFdsWHdNMHNrTU5uS3lCZnZRcHQvc29jMmU1clJLTnJqcEg4QmU4ZTdqWkFxUTR3bHgyZStEQUhzem96Nmx0ZHpKdmoybjVoMlJDOXBJbzh1VkE0VEM5RE04dnJHN1pmM00vSTA3b1Z2dHFQTXJVQmVXZGRlR1NYclNycmZYZk9JRDVuYTIwNHYya0c2UjBpRmNvS0dlRHFWblpGK3F4TGE5SjNhZi9ycVhnRW1HdTduMU4vYmZOOUtCZk9ucElIaFFIMDFML2JzRlE3UkM1akhyd0tOZmZ2RFNDTXJiTG82Ry9oTmxlUjhPMEQyUXVxaFVmRmZrM1JOWXF3KzZNSlFJV3RFeXAyODZpYVlTSVhmaEJrdThQeS8zMUx5aUwyRFE2b0QzY2Y1OElvZmpLdEMxcVNENEpGeUl2UnVVMnB6a2VRamhlNGM2QUhGWXpWbGRWZFZ2c1JtcUJuVVlveURmWDNOOG43blpyQ1dxMERROG43M1E0bEFUS1IwYnhFWUNqZGpFMzNzZXdudVVBNG9YVllEaU9rZkJKWmhueW81alQySTl1STVrL0pSYkYwS1hqbjA3cDFpZFJQdnJSVVB6YVZ1ci8wY2dGMCs4cVJKcFNHL3dIV281RHBuTDFMVUo5ajA2WXRsdlJCSEJ5cWsxdVdFbDVtSkxSVXZGZUtwdFFCWU5pcHJXbk1YNUFwV2tYZTc0dG04aFJwTGtGREdDekdIOGpYSXVxazhxdkkrbHdORGdERlQxVDJUbEtsSFJ4L0U4SFV1RThtd2pKTTU2MTl1cjU1YWxLdmRocUxmeENHcEtsdUxNbVNlRVdscWRjZVhNZTA0KzE0PQ==','texto',0,'2026-03-08 20:21:50',NULL,NULL),(29,3,1,'fm2w4JT9DRFuSTNNNjdmxnBKUzAzVVJ4cFFqYVRJOXkyRzhiUUE9PQ==','texto',0,'2026-03-11 00:30:20',NULL,NULL),(30,3,3,'yoNNuAMGY0C7tLYkPlONwktUdFcvTnA1WEpHUnd1ZWd4c0FGQXVWWVJqTWpMdURFbzJaNE1qVXh2bVZ5MmlqSmZsVndJVjFSUno4TVRkSFM=','texto',0,'2026-03-11 00:30:22',NULL,NULL),(31,3,1,'MyK8CyuAKWSWCDbThJKcVUxSRER5ZU9zU2dWNUtOeWRIMkdTclBTb2ZjaFBFeFE1aTZPdld1Yk9jWnRPMmFKc29TbC9vbTkzZll6KzErNmtFTUR4cjNXcnZUeEExN2E0dXoyaS9RPT0=','texto',0,'2026-03-11 00:32:47',NULL,NULL),(32,3,3,'mexDjqmgp9VzDrdNzuGJi2M5aXYyNlJYQmJsMUE1cXFRN0Vqb1lvT0x5anNGK2xxN2plUHBJcncveXZEZUZycW5VajBUb2Yxdk45VlJUcitKVXA3NEloZllCM3ZuWnlEVTQ4dSs4SjZsblZnSE04YmNUemtKVHhvUjREZnFMUllLeENIc3J2TDliQlhRNjNUb25hTEtxLzdySmxDYlphV2xobTdLemNia1lWUUU5U0FXcWZTaVoza3JkN2pXYjVkVWNiVG9jMlpxeXNwVjd6N3RYQ1JsVndZR0RsNCtKNnNISTNqWnhGcy9QWmJpWXo1clUrSXY1OUlKdmZ5bVZXelJDMlFBRERGQUt3WDBRRzlyeWJ5WEJKZDk2elUzVmZ3NGdzaDhWT2liV3k3S2Q0blFWMlh4ZzlJZmZzPQ==','texto',0,'2026-03-11 00:32:50',NULL,NULL),(33,3,1,'mG9LOKhPvJqstNFBGWT2VkJsZFo2bzlzU0k1QTY3azNNQlE5QzVXS0k2VG9md0RmWjhubUt6d0NZa0F6TS9qL24rajIxMW5LRmxwMTBiRFI=','texto',0,'2026-03-11 00:33:08',NULL,NULL),(34,3,3,'PtiGh28r09AZc8lz+w8N+2NPNDRaaTZqRUszSWVhdkN1VWwrR29LVE9PdmZ6bHpDN01mcHNhaTllSWtsS2NER2xycmlaeFVvR0dkMXBNalYwQTYvZjBIcFdacFoyNDh3L3dZNjhoWTRFKzVkYnArVGFSc0NET1hkaFZPNG1YbkgzWEVpQjhpTmJ2ZS9oRVYzb2lYcU1YV2tmYXpmZnZISUxoSUdNeThVcWpSY1d0NFdzQUxNczJaMWI2Tm1mSkhmMEMwc0VmTG5vcEtyd0tnUXg0WDI4b3Q3VXlTbnhNbUtHa1pxRVJJSHMvbU1XeU5weWZhSkt6cDIxSzkrajVYWFRBTDZJdFh1MkZyRkJCREJpUzBSZDdGZjlFcWpmbDl5UGNtYXliaEc1QnA2WkFzWEhEaTJrR0pWU24wPQ==','texto',0,'2026-03-11 00:33:11',NULL,NULL),(35,3,1,'hvNaJS1H4PrPKCmHGbg270VrcVYxdThic0l6MVpvaWZmU1AyVGJIS0VscWdJMU1LNm9DVmZIVFhIaEZLdHVVcWhOZ01YNDBCVHVRaXFFOHM=','texto',0,'2026-03-11 00:34:06',NULL,NULL),(36,3,3,'OidIxeYkiwelss2PDrtPB1ZVcjF2M1RSY2RFM29TY05zaDkzM3l1U3JKNDJ1bWowbGxTRHdicjQ3THZMZXgyTmN2MEFXZVRTN2puRTlpR1RnSEpDUHdpZ3lqaEo2QjUxUy9BTjZ1OVpiSDFKUmhyOGxhNUo0Ri9ZZm9aZFYrM2xseFV0OVRnS2dvZDBsREgrMFhqWWJyRk1pUVhKRS9WZHEzTW9KMzZtOGwzQWFPRFF5a1JCN1AyNWIwekN0N0dpQWpqVGd5RmJtUm1aMlh4L3cxTS9aVGZFaXZvYUo1UVByWE90ejhOR1U4UUJkSmZ0U081WTZST1lraFpJbHhsNXpTK0s0MFdGM09CaTNXV3BKamlBSG5Fdi8rUHNYOGYzZmdvTHR3MWRYY0FLc1NwMEZHWnFNWFdmRGZTR2NDRiszS09hZGtEOENCZTlYTjV5dlF6MFI2M0RkN3FiNDdqVXMxeE9JZ1RXTm5abitSQ2JvNVNaREpXZzNXemFlWDBWTnVvRlpGK3NUeFNtVFRPVUJqNlZpQk1aYkZ4MnllUlBJTU9DWnE0OVVXU3V3Z2pYUHhUdG5FeHZ6U3FORm1uNVBReWltRXZENWliZUIwZFNEMFdqYnBuUCtuSjI0dUx0NHE3RC9lb2FCMlJKbjBZMzQzNzdSeThrU240PQ==','texto',0,'2026-03-11 00:34:09',NULL,NULL),(37,3,1,'PWL943S3QgCKhRGShmc4Hjgycnhwa3FrNXpkYWtJR1dabWhYSW1yNkxEUStEcEFlSEh0NVp3NTVHT289','texto',0,'2026-03-11 00:40:08',NULL,NULL),(38,3,3,'8XGqw/y9P+C9CIXnHSzBFUdqRHRwSXNQNzNObGRFUGNaSzZTOXYxNXZpSjBzWWZjcGM4Rld0bFdROXdLSmlXMjgwSGpPTDhtT2NhWlpsUVpTQ3orc0NQSGt3emhYNzhCZllxaTFJVGhjRlBRaTYwSE1ITnRoM0ZmQW8zbVA5NG0rUTAwamFMZ2lydmtGa1YrR0c2NjZsWjlXUE9wM29aOVphNWJNd0pEWThkOFNBSytaQXZNeVlqeStjL0RIL0JhdWNQYW5zbGN6WmNFWHhDZ3FESlpZZHpGS3MvMXhoYXN0QlNyL21rZnZ0NmhWdWRaR2g2YTlCZ0Vpa0ZxU3NuaWZqaVhHV1FQWFlCc2gyeU5paXg2aVRWeUN0YWM3a0JNMU1IZVZ2QnJCQjJqYm1MdGZNZkdYOXlWN2d5bWNxeXdjQ3A4Z3F3U0M5Wm1sRnd0ZTRaaTFsT3VSUDNrSEE3T01UWkh3Q1RnTUFDTk5MTWtKeHBCcjdFSlpVVXpFZ2M5SHlRTHlNbitGUGVFSzk3cDJtOTFsTUdad0lZaEN1T0dUM1pLS3VOblBuMVFFQlFoZzFMd3V4QlNtQnZ2aDQwWlNHWGNnbStUSU82S240aDQ=','texto',0,'2026-03-11 00:40:12',NULL,NULL),(39,1,1,'','imagen',0,'2026-03-13 01:26:46',1,NULL),(40,1,1,'','imagen',0,'2026-03-13 01:59:55',2,NULL);
/*!40000 ALTER TABLE `mensaje` ENABLE KEYS */;
UNLOCK TABLES;

--
-- Table structure for table `persona`
--

DROP TABLE IF EXISTS `persona`;
/*!40101 SET @saved_cs_client     = @@character_set_client */;
/*!50503 SET character_set_client = utf8mb4 */;
CREATE TABLE `persona` (
  `personaId` int(11) NOT NULL AUTO_INCREMENT,
  `persona_Nombre` varchar(100) NOT NULL,
  `persona_ApellidoPaterno` varchar(100) NOT NULL,
  `persona_ApellidoMaterno` varchar(100) NOT NULL,
  PRIMARY KEY (`personaId`)
) ENGINE=InnoDB AUTO_INCREMENT=6 DEFAULT CHARSET=utf8mb4 COLLATE=utf8mb4_unicode_ci;
/*!40101 SET character_set_client = @saved_cs_client */;

--
-- Dumping data for table `persona`
--

LOCK TABLES `persona` WRITE;
/*!40000 ALTER TABLE `persona` DISABLE KEYS */;
INSERT INTO `persona` VALUES (1,'Luis Roberto','Carrillo','Perez'),(2,'José Ángel','Mata','Islas'),(3,'Asistente','IA','Chat'),(4,'Valeria','Carrillo','Pérez'),(5,'Fernando','García','Torres');
/*!40000 ALTER TABLE `persona` ENABLE KEYS */;
UNLOCK TABLES;

--
-- Table structure for table `usuario`
--

DROP TABLE IF EXISTS `usuario`;
/*!40101 SET @saved_cs_client     = @@character_set_client */;
/*!50503 SET character_set_client = utf8mb4 */;
CREATE TABLE `usuario` (
  `usuarioId` int(11) NOT NULL AUTO_INCREMENT,
  `usuario_Correo` varchar(150) NOT NULL,
  `usuario_Clave` varchar(255) NOT NULL,
  `personaId` int(11) NOT NULL,
  `creado_en` timestamp NOT NULL DEFAULT current_timestamp(),
  `usuario_avatar` varchar(255) DEFAULT NULL,
  PRIMARY KEY (`usuarioId`),
  UNIQUE KEY `usuario_Correo` (`usuario_Correo`),
  KEY `fk_usuario_persona` (`personaId`),
  CONSTRAINT `fk_usuario_persona` FOREIGN KEY (`personaId`) REFERENCES `persona` (`personaId`) ON DELETE CASCADE
) ENGINE=InnoDB AUTO_INCREMENT=7 DEFAULT CHARSET=utf8mb4 COLLATE=utf8mb4_unicode_ci;
/*!40101 SET character_set_client = @saved_cs_client */;

--
-- Dumping data for table `usuario`
--

LOCK TABLES `usuario` WRITE;
/*!40000 ALTER TABLE `usuario` DISABLE KEYS */;
INSERT INTO `usuario` VALUES (1,'luisrobertocarrilloperez@gmail.com','$2y$10$b1s0MwkcEQfGwLxfak7n/uBNrfZE4THztAU9H7ZzGyJWoIqX3IlD.',1,'2026-02-28 00:50:36',NULL),(2,'angelmataislas800@gmail.com','$2y$10$tUhc9eGMQOrvFh0eReRUS.HLN3mi.BFKxWpIqnBBzi0ke7hGvLbly',2,'2026-03-04 00:44:21',NULL),(3,'ia@chat.local','no-login',3,'2026-03-08 18:57:26',NULL),(5,'luisrobertocarrillo.desarrollo@gmail.com','$2y$10$jSIKCPc3Nqcw/s2o8mjRweu5uILQ1m24md99iDjaUKyKhpBa7HTOW',4,'2026-03-08 20:05:45',NULL),(6,'luisrobertocarrilloperez222@gmail.com','$2y$10$LC/YVX6fx1xtvemujmUVxumgs.Ld5f51fbyGBe5M5YxeNKEwTBEom',5,'2026-03-08 20:22:50',NULL);
/*!40000 ALTER TABLE `usuario` ENABLE KEYS */;
UNLOCK TABLES;

--
-- Dumping events for database 'chat'
--

--
-- Dumping routines for database 'chat'
--
/*!40103 SET TIME_ZONE=@OLD_TIME_ZONE */;

/*!40101 SET SQL_MODE=@OLD_SQL_MODE */;
/*!40014 SET FOREIGN_KEY_CHECKS=@OLD_FOREIGN_KEY_CHECKS */;
/*!40014 SET UNIQUE_CHECKS=@OLD_UNIQUE_CHECKS */;
/*!40101 SET CHARACTER_SET_CLIENT=@OLD_CHARACTER_SET_CLIENT */;
/*!40101 SET CHARACTER_SET_RESULTS=@OLD_CHARACTER_SET_RESULTS */;
/*!40101 SET COLLATION_CONNECTION=@OLD_COLLATION_CONNECTION */;
/*!40111 SET SQL_NOTES=@OLD_SQL_NOTES */;

-- Dump completed on 2026-03-12 20:28:30
